{"cameraMode":{"drawMode":0,"name":"Shaded","section":"Shading Mode"},"sceneLighting":true,"audioPlay":false,"sceneViewState":{"showFog":true,"showMaterialUpdate":false,"showSkybox":true,"showFlares":true,"showImageEffects":true,"showParticleSystems":true},"in2DMode":false,"pivot":{"x":-0.8701069951057434,"y":-2.532702922821045,"z":3.0866222381591799},"rotation":{"x":0.21926827728748322,"y":-0.10223233699798584,"z":0.023108504712581636,"w":0.9700149893760681},"size":10.55412483215332,"orthographic":false}