{"cameraMode":{"drawMode":0,"name":"Shaded","section":"Shading Mode"},"sceneLighting":true,"audioPlay":false,"sceneViewState":{"showFog":true,"showMaterialUpdate":false,"showSkybox":true,"showFlares":true,"showImageEffects":true,"showParticleSystems":true},"in2DMode":false,"pivot":{"x":-1.3822710514068604,"y":-1.054020643234253,"z":2.790785789489746},"rotation":{"x":0.07523839920759201,"y":-0.002997003961354494,"z":0.00022551782603841275,"w":0.9971609711647034},"size":7.410312175750732,"orthographic":false}